First Name,Last Name
Douglas,Calhoun
Jasmine,Thompson
Charles,Moreno
Robert,Wagner
Timothy,Rosario
Brandi,Rivera
Anne,Cooper
Sean,Thomas
Debra,Landry
Timothy,Wagner
Paul,Santana
George,Lloyd
Mary,Brown
Jody,Lynch
Thomas,Johns
Daniel,Robinson
Austin,Ortega
Richard,Williams
Kaitlin,Anderson
Shane,Cline
Marvin,Underwood
Alison,Fox
Adam,Velasquez
Renee,Jones
Carla,Cantrell
Monique,Cruz
John,Robles
Brandy,Morrison
Kimberly,Newman
Jessica,Johnson
Tiffany,Allen
Jessica,Thompson
Diane,Rodriguez
Michael,Baker
Robert,Gonzalez
George,Mendoza
Brandy,Powers
Shirley,Richardson
Molly,Dixon
Alexander,Harrison
Cassandra,Hernandez
David,Estes
Craig,Miller
Carol,Norton
Timothy,Smith
Matthew,Barajas
Clinton,Pena
Sarah,Dixon
Rebecca,Rodgers
Bradley,Compton
