First Name,Last Name,ID
Douglas,Calhoun,1
Jasmine,Thompson,2
Charles,Moreno,3
Robert,Wagner,4
Timothy,Rosario,5
Brandi,Rivera,6
Anne,Cooper,7
Sean,Thomas,8
Debra,Landry,9
Timothy,Wagner,10
Paul,Santana,11
George,Lloyd,12
Mary,Brown,13
Jody,Lynch,14
Thomas,Johns,15
Daniel,Robinson,16
Austin,Ortega,17
Richard,Williams,18
Kaitlin,Anderson,19
Shane,Cline,20
Marvin,Underwood,21
Alison,Fox,22
Adam,Velasquez,23
Renee,Jones,24
Carla,Cantrell,25
Monique,Cruz,26
John,Robles,27
Brandy,Morrison,28
Kimberly,Newman,29
Jessica,Johnson,30
Tiffany,Allen,31
Jessica,Thompson,32
Diane,Rodriguez,33
Michael,Baker,34
Robert,Gonzalez,35
George,Mendoza,36
Brandy,Powers,37
Shirley,Richardson,38
Molly,Dixon,39
Alexander,Harrison,40
Cassandra,Hernandez,41
David,Estes,42
Craig,Miller,43
Carol,Norton,44
Timothy,Smith,45
Matthew,Barajas,46
Clinton,Pena,47
Sarah,Dixon,48
Rebecca,Rodgers,49
Bradley,Compton,50
